[
    {
        "parent": null,
        "title": "基础配置",
        "key": "base",
        "value": null,
        "sort": 0,
        "status": true,
        "data_options": null,
        "form_item_type": 0,
        "rule": null,
        "placeholder": null,
        "setting": null,
        "children": [
            {
                "parent": 10,
                "title": "创建用户默认密码",
                "key": "default_password",
                "value": "admin123456",
                "sort": 2,
                "status": true,
                "data_options": null,
                "form_item_type": 0,
                "rule": [
                    {
                        "message": "必填项不能为空",
                        "required": true
                    }
                ],
                "placeholder": "请输入默认密码",
                "setting": null,
                "children": []
            }
        ]
    },
    {
        "parent": null,
        "title": "登录页配置",
        "key": "login",
        "value": null,
        "sort": 1,
        "status": true,
        "data_options": null,
        "form_item_type": 0,
        "rule": null,
        "placeholder": null,
        "setting": null,
        "children": [
            {
                "parent": 1,
                "title": "网站标题",
                "key": "site_title",
                "value": "Dvadmin",
                "sort": 1,
                "status": true,
                "data_options": null,
                "form_item_type": 0,
                "rule": [],
                "placeholder": "请输入网站标题",
                "setting": null,
                "children": []
            },
            {
                "parent": 1,
                "title": "网站名称",
                "key": "site_name",
                "value": "企业级后台管理系统",
                "sort": 1,
                "status": true,
                "data_options": null,
                "form_item_type": 0,
                "rule": [
                    {
                        "message": "必填项不能为空",
                        "required": true
                    }
                ],
                "placeholder": "请输入网站名称",
                "setting": null,
                "children": []
            },
            {
                "parent": 1,
                "title": "登录网站logo",
                "key": "site_logo",
                "value": null,
                "sort": 2,
                "status": true,
                "data_options": null,
                "form_item_type": 7,
                "rule": [],
                "placeholder": "请上传网站logo",
                "setting": null,
                "children": []
            },
            {
                "parent": 1,
                "title": "登录页背景图",
                "key": "login_background",
                "value": null,
                "sort": 3,
                "status": true,
                "data_options": null,
                "form_item_type": 7,
                "rule": [],
                "placeholder": "请上传登录背景页",
                "setting": null,
                "children": []
            }
        ]
    }
]